transaction_id,amount
T101,794
T102,750
T103,546
T104,71
T88,148
T98,99
T105,631
T99,147
T106,774
T107,19
T108,810
T109,188
T110,880
T111,622
T112,617
T113,234
T114,936
T115,251
T116,253
T59,749
T117,115
T118,362
T119,416
T120,684
T121,139
T122,68
T123,355
T76,118
T124,19
T125,629
T126,287
T53,270
T127,208
T128,408
T91,350
T129,268
T130,387
T131,891
T132,144
T133,240
T134,587
T135,507
T136,675
T65,38
T137,139
T138,752
T139,722
T102,189
T140,480
T141,601
T142,653
T142,610
T49,534
T143,894
T144,916
T18,184
T145,742
T146,969
T147,715
T148,766
T149,162
T31,943
T150,415
T151,106
T152,1000
T15,740
T153,287
T154,282
T155,34
T90,163
T156,52
T157,730
T158,310
T157,454
T159,334
T160,736
T161,298
T162,502
T163,764
T164,585
T165,552
T166,431
T167,202
T168,551
T169,30
T170,924
T171,171
T172,748
T173,499
T174,367
T175,443
T176,171
T177,985
T178,249
T179,946
T180,840
T181,340
T182,213
T183,594
T184,516
T185,993
T186,359
T187,877
T188,733
T189,609
T190,639
T123,612
T191,796
T192,811
T193,362
T194,325
T100,84
T195,541
T196,829
T197,374
T198,513
T199,648
T200,642
T58,766
T201,896
T202,271
T203,686
T9,722
T21,959
T204,653
T205,985
T206,803
T207,99
T208,958
T209,455
T162,511
T210,248
T211,871
T212,756
T213,648
T214,489
T215,493
T216,505
T217,528
T106,73
T218,374
T219,911
T141,576
T220,247
T221,309
T222,761
T223,698
T224,241
T225,278
T226,105
T227,751
T228,886
T229,935
T230,650
T196,180
T231,52
T232,320
T233,190
T234,238
T235,942
T236,191
T237,837
T238,835
T239,177
T240,223
T241,967
T203,339
T242,961
T129,949
T243,28
T29,694
T244,750
T245,664
T246,628
T247,825
T248,274
T249,187
T250,575
T251,938
T217,451
T252,51
T253,968
T254,708
T255,12
T256,300
T257,932
T258,643
T259,63
T79,855
T260,257
T261,623
T262,861
T71,209
T160,712
T142,193
T263,666
T148,295
T264,460
T265,929
T82,192
T44,49
T266,539
T267,112
T268,888
T269,258
T270,566
T41,952
T271,238
T272,252
T273,36
T274,887
T275,197
T177,324
T276,135
T47,452
T109,922
T277,581
T278,585
T279,618
T280,892
T281,195
T282,57
T283,270
T284,17
T285,90
T286,365
T163,692
T287,227
T288,625
T289,196
T290,867
T291,22
T292,18
T293,840
T294,839
T295,750
T296,75
T297,593
T298,601
T299,817
T300,714
T301,575
T96,820
T302,33
T251,485
T303,591
T304,284
T305,103
T306,745
T307,739
T308,472
T309,922
T310,417
T27,969
T138,235
T311,655
T312,121
T313,688
T314,954
T315,937
T316,30
T317,541
T318,517
T319,931
T320,358
T87,479
T321,876
T322,698
T323,830
T324,592
T325,647
T326,230
T327,841
T328,564
T329,498
T330,387
T296,708
T209,800
T331,371
T332,83
T197,315
T333,553
T334,445
T335,904
T336,833
T337,847
T338,679
T339,447
T112,626
T340,389
T285,128
T341,351
T342,412
T343,470
T344,794
T345,213
T346,815
T347,508
T348,660
T349,640
T350,963
T351,357
T352,532
T353,41
T354,473
T355,337
T19,526
T356,386
T357,124
T205,559
T358,247
T359,550
T360,135
T361,924
T362,739
T363,192
T272,400
T364,204
T201,151
T219,915
T365,444
T366,536
T367,505
T368,460
T369,60
T370,94
T371,548
T372,141
T373,721
T374,252
T375,27
T376,450
T136,660
T377,537
T378,434
T379,148
T380,56
T381,108
T382,516
T319,492
T250,952
T383,31
T212,122
T384,657
T385,945
T386,438
T387,151
T388,872
T389,153
T390,349
T391,643
T392,841
T393,90
T394,206
T395,621
T396,874
T397,763
T398,86
T399,663
T400,32
T401,957
T402,640
T403,951
T404,537
T405,146
T406,812
T407,322
T296,930
T408,78
T409,240
T410,636
T411,849
T412,115
T413,63
T414,712
T415,896
T416,759
T417,588
T76,763
T73,451
T418,182
T306,833
T419,589
T420,170
T421,616
T300,234
T422,215
T423,755
T424,410
T425,817
T426,84
T427,429
T428,805
T24,984
T429,581
T156,71
T430,754
T431,379
T432,445
T433,975
T434,453
T233,706
T435,773
T436,556
T437,75
T438,201
T439,727
T440,956
T441,581
T442,446
T443,45
T444,572
T445,654
T446,402
T447,921
T448,967
T320,946
T449,635
T450,982
T451,114
T452,544
T453,736
T454,791
T455,559
T456,83
T457,791
T89,745
T458,503
T459,337
T460,402
T461,134
T186,707
T462,356
T463,118
T464,722
T465,533
T466,410
T119,23
T467,105
T468,567
T469,638
T470,898
T471,13
T472,471
T473,125
T474,918
T475,813
T476,604
T477,224
T478,704
T377,147
T479,694
T480,565
T481,944
T482,299
T483,818
T213,532
T484,746
T223,887
T485,998
T400,266
T486,801
T487,626
T488,617
T489,260
T490,733
T491,470
T492,645
T493,243
T494,286
T495,590
T496,493
T497,789
T498,321
T499,764
T500,238
T43,715
T501,335
T434,751
T502,468
T503,711
T504,461
T505,598
T506,594
T507,534
T283,547
T508,196
T332,121
T509,163
T510,116
T511,866
T315,85
T512,914
T55,497
T266,558
T10,971
T271,768
T513,895
T514,939
T515,986
T516,345
T517,500
T518,849
T519,410
T520,194
T521,36
T522,685
T523,711
T524,208
T525,551
T397,387
T526,265
T527,461
T528,927
T529,448
T336,14
T57,880
T530,191
T136,726
T531,727
T532,601
T533,880
T534,231
T442,612
T535,584
T536,954
T537,248
T538,124
T539,557
T540,302
T541,315
T542,455
T543,871
T544,202
T545,619
T64,571
T546,377
T521,84
T547,384
T424,877
T548,737
T280,792
T509,250
T549,30
T550,129
T551,281
T174,369
T552,942
T553,474
T554,492
T324,749
T555,15
T556,952
T557,725
T558,164
T559,583
T560,192
T561,558
T562,316
T563,601
T564,609
T565,26
T566,346
T567,552
T342,335
T568,547
T569,790
T570,602
T571,494
T572,497
T573,710
T574,381
T575,857
T215,774
T576,600
T577,459
T578,980
T579,572
T580,998
T276,632
T45,295
T581,203
T582,896
T583,873
T584,722
T585,288
T586,452
T419,80
T587,589
T366,949
T588,738
T589,21
T590,71
T591,912
T592,319
T593,206
T594,269
T595,366
T596,450
T597,687
T202,744
T598,272
T599,912
T600,887
T601,740
T359,713
T602,884
T603,664
T604,807
T605,813
T166,96
T606,61
T607,798
T608,981
T609,531
T409,433
T610,749
T611,230
T612,750
T613,74
T614,495
T615,358
T616,778
T617,875
T618,286
T619,956
T620,647
T52,703
T621,556
T622,440
T623,966
T624,906
T625,105
T626,208
T627,427
T628,697
T629,55
T630,852
T631,613
T632,210
T633,313
T449,87
T379,34
T546,196
T58,733
T634,852
T635,572
T636,46
T306,604
T637,114
T638,61
T639,160
T640,859
T641,694
T492,426
T642,153
T643,202
T644,290
T645,87
T646,279
T647,346
T648,192
T178,81
T649,714
T650,379
T651,458
T111,510
T652,996
T653,429
T431,923
T654,726
T655,306
T656,219
T99,190
T657,360
T658,750
T659,991
T660,195
T661,36
T662,68
T663,256
T546,826
T664,270
T665,587
T666,521
T667,200
T559,973
T668,902
T669,611
T670,311
T671,376
T672,994
T673,794
T674,487
T675,540
T676,655
T527,316
T677,281
T678,638
T679,102
T680,970
T681,11
T386,876
T682,504
T603,45
T683,24
T684,787
T685,992
T651,426
T686,199
T687,369
T688,870
T689,819
T690,967
T691,672
T692,819
T693,984
T694,468
T695,882
T696,50
T604,976
T406,54
T697,806
T698,57
T247,801
T699,653
T153,568
T700,114
T701,589
T142,376
T339,563
T702,82
T703,164
T704,988
T705,274
T706,973
T707,143
T708,639
T250,606
T709,305
T710,666
T637,507
T711,517
T712,487
T713,251
T714,134
T715,962
T716,516
T717,390
T718,934
T719,251
T720,327
T721,512
T722,58
T611,876
T723,616
T724,731
T481,775
T725,330
T726,281
T727,12
T85,869
T728,350
T729,883
T361,728
T730,542
T731,652
T732,678
T326,200
T733,995
T734,110
T735,850
T252,509
T736,87
T737,372
T738,244
T158,11
T739,674
T740,593
T741,764
T742,166
T743,104
T744,307
T745,551
T746,187
T747,453
T748,113
T749,701
T750,594
T751,312
T752,318
T261,185
T753,218
T754,109
T755,894
T756,882
T757,693
T758,993
T759,494
T760,534
T761,18
T762,485
T70,320
T763,238
T764,951
T765,301
T766,930
T767,695
T768,253
T769,779
T115,760
T715,282
T770,398
T771,194
T128,158
T772,841
T773,983
T230,21
T774,870
T775,750
T776,805
T777,861
T778,681
T779,415
T780,366
T781,472
T782,375
T754,133
T783,991
T784,692
T361,32
T785,793
T786,251
T787,812
T788,905
T789,392
T790,554
T791,99
T792,597
T793,784
T794,715
T795,190
T796,419
T797,415
T798,689
T799,117
T800,820
T707,697
T765,275
T801,967
T802,881
T803,847
T804,71
T805,336
T806,726
T807,547
T808,468
T602,896
T322,770
T809,391
T810,722
T811,614
T812,763
T813,719
T188,665
T244,637
T525,163
T814,737
T815,931
T278,691
T816,84
T61,857
T817,139
T818,683
T160,994
T819,354
T820,223
T821,745
T822,779
T823,147
T824,770
T445,934
T825,346
T826,894
T827,443
T828,982
T829,869
T830,843
T831,614
T832,381
T833,977
T834,1000
T835,369
T836,947
T837,201
T838,737
T839,921
T840,113
T841,524
T842,989
T604,461
T843,189
T844,673
T526,386
T845,812
T846,44
T209,58
T847,316
T848,329
T849,11
T199,623
T850,517
T851,935
T852,899
T241,286
T817,548
T853,320
T854,414
T855,494
T838,268
T642,101
T856,755
T857,772
T858,451
T859,451
T675,363
T690,454
T804,954
T860,247
T861,714
T862,618
T863,77
T864,345
T865,708
T866,793
T867,182
T868,23
T869,791
T870,730
T261,633
T871,784
T872,989
T873,743
T874,651
T875,949
T876,464
T877,451
T878,913
T879,252
T880,717
T881,708
T882,949
T883,319
T884,248
T885,869
T886,38
T887,449
T888,656
T889,562
T890,239
T891,730
T794,498
T892,751
T482,318
T893,57
T894,106
T150,831
T140,253
T895,533
T896,690
T897,546
T898,232
T899,751
T900,851
T901,896
T353,574
T902,432
T903,737
T904,812
T905,189
T906,641
T907,681
T280,714
T897,930
T682,289
T908,110
T909,619
T429,866
T910,939
T911,506
T553,364
T912,710
T913,847
T914,972
T915,881
T916,104
T241,931
T498,662
T917,254
T145,374
T918,716
T919,141
T920,911
T921,411
T922,566
T923,414
T924,36
T259,915
T925,704
T926,52
T927,89
T928,804
T929,393
T589,751
T930,484
T931,88
T932,368
T933,332
T296,731
T934,378
T879,584
T935,686
T936,81
T937,838
T938,285
T939,418
T940,110
T941,770
T942,985
T943,792
T944,886
T945,717
T200,648
T946,58
T947,140
T948,474
T949,908
T950,253
T169,634
T783,470
T38,553
T951,277
T873,110
T952,298
T953,49
T954,839
T955,754
T956,510
T957,56
T958,232
T959,372
T960,266
T961,846
T962,923
T874,770
T520,239
T442,744
T963,101
T964,356
T965,622
T659,629
T966,520
T967,134
T968,795
T969,147
T970,529
T971,305
T972,617
T973,10
T974,137
T975,978
T133,634
T976,109
T977,867
T978,404
T979,867
T980,893
T116,884
T981,55
T982,682
T983,386
T125,832
T984,481
T985,365
T986,723
T987,947
T958,333
T988,882
T989,653
T990,175
T991,573
T992,173
T993,444
T231,344
T994,106
T146,249
T995,598
T996,882
T997,137
T998,235
T999,103
T1000,698
T1001,127
T1002,418
T1003,709
T1004,855
T1005,194
T300,667
T1006,558
T1007,232
T1008,617
T1009,600
T1010,689
T37,81
T1011,78
T1012,212
T1013,247
T1014,866
T1015,365
T446,598
T1016,21
T203,807
T1017,643
T1018,217
T1019,266
T575,620
T1020,875
T559,939
T1021,263
T141,278
T1022,628
T1023,954
T1024,148
T1025,562
T1026,322
T1027,811
T1028,607
T439,692
T1029,371
T1030,455
T231,275
T1031,962
T176,272
T1032,384
T1033,843
T1034,179
T1035,601
T1036,937
T1037,60
T1038,580
T1039,355
T1040,15
T1041,763
T1042,836
T129,791
T478,782
T1043,619
T33,334
T1044,723
T1045,875
T237,199
T1046,354
T703,358
T433,181
T1047,864
T1048,191
T1049,441
T1050,355
T1051,803
T1052,10
T1053,374
T1054,482
T1055,316
T1056,855
T1057,790
T1058,98
T1059,546
T1060,93
T1061,841
T796,454
T105,140
T1062,846
T752,902
T1063,597
T1064,163
T111,402
T1065,239
T1066,479
T1067,943
T1068,263
T438,272
T908,28
T1069,933
T1070,145
T1071,694
T1072,90
T1073,240
T1074,936
T1075,341
T906,263
T1076,337
T1077,996
T1078,944
T1079,492
T1080,303
T1081,370
T1082,758
T1083,500
T1084,888
T1085,749
T989,942
T1086,36
T1014,873
T31,813
T1087,389
T207,561
T1088,206
T1089,56
T1090,410
T1091,936
T36,312
T1092,47
T67,563
T1093,270
T1094,97
T1095,344
T347,688
T1071,846
T597,254
T1096,40
T1097,554
T738,499
T1098,926
T1099,388
T1100,758
T1101,948
T1102,885
T1103,71
T1104,854
T1105,977
T563,552
T1106,831
T1107,194
T735,839
T1108,54
T1109,697
T1110,179
T1111,874
T1112,885
T1113,86
T1114,989
T1115,449
T1116,964
T1117,147
T1118,395
T1119,326
T416,951
T46,10
T94,206
T1120,726
T1121,486
T1122,638
T617,531
T573,50
T1001,374
T1123,626
T367,224
T1124,847
T1125,164
T315,585
T1126,504
T1127,506
T1128,968
T1129,638
T1130,268
T1131,244
T1132,880
T1133,608
T1134,513
T1135,601
T443,780
T1136,633
T1137,27
T1138,307
T1139,616
T1140,218
T1141,585
T1142,379
T1143,380
T1144,470
T1145,263
T1146,971
T1147,761
T1148,419
T813,466
T517,803
T1149,582
T1150,153
T1151,941
T1152,86
T1153,64
T1154,277
T1155,788
T1156,608
T1157,943
T1158,647
T1159,498
T1160,580
T1161,552
T1162,423
T113,71
T1163,277
T674,355
T1164,957
T1165,646
T1166,621
T1167,643
T1168,69
T1169,492
T49,141
T1170,379
T948,973
T480,364
T796,151
T1171,751
T1172,569
T1173,248
T1174,482
T1175,344
T1176,637
T1177,520
T1178,802
T1179,746
T840,760
T1180,389
T1181,992
T1182,780
T1183,52
T1184,231
T624,527
T1185,626
T1028,481
T410,918
T366,619
T1186,299
T482,320
T1187,575
T1188,949
T1189,241
T1190,45
T1191,884
T1192,796
T954,336
T1193,87
T1194,122
T1195,279
T1196,322
T774,254
T1197,101
T1198,942
T1199,372
T524,756
T1200,571
T1201,31
T1202,28
T1203,611
T1204,226
T1205,261
T1026,644
T302,597
T1206,210
T1207,359
T958,784
T1208,450
T762,252
T1209,177
T1210,434
T1211,863
T1212,146
T1213,325
T1211,991
T1214,77
T1215,644
T1216,242
T302,239
T1217,190
T246,316
T604,949
T1218,287
T1219,671
T1220,869
T1221,311
T107,684
T1169,804
T186,880
T1222,874
T1223,926
T566,236
T1224,733
T1225,110
T1226,103
T26,891
T1227,327
T1228,840
T1229,198
T1230,371
T24,541
T393,42
T1231,225
T1232,92
T1233,879
T1234,268
T1235,525
T1236,961
T79,821
T1237,209
T1238,875
T876,737
T1239,544
T787,797
T835,998
T1240,505
T1241,635
T1002,67
T1242,331
T1243,49
T1244,520
T1245,896
T1246,193
T1247,213
T1248,434
T1249,232
T1250,43
T1251,493
T149,892
T1252,826
T1253,348
T1089,811
T1254,189
T1255,352
T1256,632
T1257,751
T1258,237
T1259,133
T1260,389
T1261,709
T1262,780
T1263,502
T310,189
T68,798
T1264,393
T1265,205
T72,984
T1266,436
T1267,237
T267,241
T1052,908
T1268,706
T123,431
T20,261
T1269,678
T326,868
T1270,286
T1271,291
T1272,751
T1273,554
T1274,436
T1275,282
T1276,980
T1277,358
T1278,701
T499,390
T1279,660
T1280,701
T1281,473
T759,264
T1282,944
T1283,448
T1284,872
T1285,246
T1286,95
T1287,812
T1200,945
T38,238
T1288,98
T1289,144
T1290,405
T1291,874
T1292,396
T1293,228
T1294,990
T1295,953
T1296,659
T1297,745
T687,218
T1298,723
T1299,125
T283,369
T1300,15
T1301,859
T545,814
T1302,635
T1303,720
T1304,469
T1305,830
T1306,539
T511,956
T528,341
T1307,980
T1308,319
T1309,686
T1310,941
T278,754
T1311,981
T1312,581
T1313,807
T1314,471
T1315,175
T1316,293
T1269,472
T1317,330
T1318,562
T1319,107
T1320,598
T1321,964
T273,121
T1293,872
T721,804
T1322,128
T1311,952
T1323,853
T1324,619
T1325,983
T1326,452
T1327,825
T1328,270
T1329,753
T1330,383
T1331,693
T1076,898
T1332,916
T1333,369
T1334,781
T1335,857
T1336,835
T873,802
T1265,88
T1337,709
T719,840
T1338,242
T1339,111
T1340,141
T1341,372
T251,126
T1342,997
T1343,801
T1344,842
T1345,13
T1346,803
T1347,733
T1348,315
T1224,86
T1349,36
T1350,233
T1351,470
T1352,679
T1353,305
T1354,364
T1355,398
T770,142
T1356,389
T1357,272
T965,725
T1047,407
T1358,335
T1359,448
T712,504
T1360,587
T637,594
T669,607
T1361,708
T1362,128
T1363,693
T1364,862
T1365,729
T1366,592
T1367,309
T1368,439
T1369,45
T1370,246
T1371,165
T1372,662
T1373,892
T1374,343
T1375,948
T430,283
T1376,803
T1377,506
T1378,561
T1379,432
T1380,700
T1381,346
T1382,604
T1206,212
T1383,52
T1384,73
T1385,477
T1386,132
T1387,312
T1388,348
T793,975
T1389,771
T72,606
T1390,337
T1391,503
T1392,925
T1393,242
T1394,416
T1395,883
T270,509
T1396,327
T1397,562
T1328,732
T1159,933
T1398,937
T1399,529
T1400,274
T1401,269
T125,630
T1402,854
T664,316
T1403,965
T1404,293
T1405,668
T1406,721
T1407,487
T1408,749
T1409,290
T1410,208
T1411,169
T1412,498
T1413,59
T783,62
T1414,378
T1415,198
T1416,622
T1417,914
T1418,523
T1419,559
T1420,648
T1421,638
T1422,146
T1311,116
T1423,816
T1136,319
T1424,874
T941,979
T1425,244
T1426,506
T1427,758
T428,264
T1428,140
T1429,355
T1430,640
T1431,672
T1432,862
T1433,255
T1434,72
T1435,413
T1436,871
T1437,647
T1438,736
T1439,101
T1440,372
T699,334
T49,355
T1441,294
T1442,648
T1443,354
T1444,815
T1445,72
T1446,185
T1447,248
T1448,829
T1081,191
T1449,349
T1450,85
T1451,166
T1452,90
T1453,68
T1454,182
T1455,383
T1456,990
T1457,577
T1458,792
T1459,493
T1460,290
T1461,609
T577,247
T1462,689
T1463,157
T1464,408
T1412,201
T1465,299
T1466,550
T1467,661
T1468,723
T1469,997
T1470,329
T1471,614
T1472,288
T1473,139
T1474,637
T229,598
T1475,898
T1476,15
T1477,750
T1478,676
T1025,610
T1479,556
T1480,446
T1481,135
T1482,58
T1483,576
T1484,566
T1485,943
T550,408
T1486,116
T1160,512
T1487,866
T1488,857
T1489,819
T1490,96
T1491,191
T1492,620
T1493,934
T1494,893
T1406,839
T1495,441
T1496,108
T1497,52
T1498,150
T1499,496
T1500,100
T1501,471
T1502,820
T1503,126
T1504,604
T1320,274
T1437,344
T1505,53
T1506,502
T1507,192
T1508,269
T1509,187
T1510,308
T1511,138
T1512,232
T1513,386
T1509,996
T1514,499
T1381,159
T1515,557
T1516,682
T1517,16
T1518,51
T1519,609
T1520,130
T1521,524
T73,320
T1522,767
T1523,320
T1524,87
T1525,316
T1526,443
T1527,625
T35,787
T1528,208
T1529,698
T1530,224
T1531,677
T1532,462
T1533,912
T1534,432
T1535,776
T1536,144
T1537,199
T1538,29
T1539,51
T1540,637
T1541,489
T1542,11
T382,410
T1543,151
T1544,443
T1005,147
T1545,233
T1546,36
T1547,645
T1548,999
T1549,144
T1550,735
T1129,418
T249,700
T589,972
T1551,284
T1175,147
T755,512
T1552,183
T1553,209
T1554,885
T1555,43
T1556,24
T1557,970
T543,589
T1558,421
T1559,531
T1560,999
T1561,494
T1562,953
T1563,45
T1564,268
T1565,593
T1566,813
T1567,999
T1568,160
T1569,367
T1570,272
T1571,946
T1572,857
T1573,906
T1574,71
T1575,737
T1460,669
T878,159
T710,350
T1576,330
T1577,117
T1578,587
T1579,860
T266,97
T1580,579
T1581,927
T1582,494
T816,399
T1583,889
T1584,549
T748,364
T1585,241
T1586,238
T1587,692
T1588,645
T1100,533
T1589,487
T1590,993
T1591,488
T1592,437
T1593,536
T1594,136
T1453,308
T1595,827
T1596,366
T1597,841
T1598,111
T1599,101
T1600,349
T51,601
T1601,635
T1602,652
T1603,817
T1604,183
T1605,600
T1606,571
T1607,402
T1175,925
T240,383
T1608,242
T1609,993
T1610,716
T1611,783
T1612,478
T1613,528
T1614,946
T1615,391
T1616,31
T1617,546
T1618,193
T1619,203
T1620,705
T534,32
T1621,802
T1622,735
T1623,130
T1624,986
T1625,175
T1626,507
T1627,857
T1628,622
T1629,123
T1630,834
T1631,940
T1632,860
T1633,917
T1634,206
T1635,696
T1636,271
T1637,902
T1638,495
T1639,55
T1640,396
T1641,794
T1642,819
T657,416
T1643,808
T1644,565
T1645,547
T1646,176
T1647,871
T1648,694
T1649,844
T1650,16
T1651,821
T1652,590
T1653,349
T1654,313
T1655,123
T1656,695
T1657,534
T856,244
T1658,942
T1659,661
T1660,470
T1661,747
T1662,589
T1663,701
T1664,109
T1665,154
T1666,858
T919,382
T1667,276
T1668,26
T1669,632
T1670,129
T1671,713
T1672,472
T1673,789
T1674,911
T1675,181
T1676,486
T1677,604
T248,983
T1678,530
T1679,998
T1680,415
T1681,448
T1682,294
T1683,664
T1684,282
T1020,247
T1685,563
T1686,297
T1687,413
T1688,546
T1689,328
T1690,497
T1691,408
T1692,994
T1693,935
T1694,942
T1695,101
T1696,848
T1697,696
T1698,501
T1699,390
T1700,149
T1701,730
T559,161
T629,992
T1702,419
T1703,918
T1704,825
T1705,264
T494,792
T1706,755
T1707,808
T383,418
T1708,249
T1709,401
T1710,917
T1711,832
T1712,112
T1713,141
T1714,848
T1340,138
T1715,605
T1716,226
T944,781
T1545,224
T1717,387
T1718,629
T1719,276
T1720,255
T1721,769
T1722,417
T1723,19
T1724,688
T807,490
T1725,979
T1726,84
T1727,843
T1728,550
T1729,421
T1730,315
T1731,740
T1732,21
T1733,305
T801,711
T1734,890
T1735,650
T1736,818
T1737,417
T51,743
T1738,574
T494,15
T1739,139
T970,837
T1740,258
T1741,467
T1742,935
T1743,401
T1744,214
T1745,145
T1746,902
T1747,584
T1748,265
T1749,542
T1750,462
T808,911
T1751,438
T1752,331
T1753,86
T375,545
T1754,367
T1755,642
T1756,830
T1757,826
T1758,555
T1759,32
T1760,264
T1761,248
T1762,195
T941,371
T1457,921
T1763,500
T1764,618
T1765,169
T1766,324
T1767,621
T1768,878
T1769,826
T1770,111
T1771,866
T1772,214
T243,752
T838,481
T1773,62
T563,219
T1774,92
T1775,603
T1776,751
T1603,342
T1067,297
T305,597
T1777,994
T1778,279
T1779,328
T1780,202
T1781,200
T1782,228
T1783,636
T1571,691
T1784,114
T1785,729
T1786,517
T471,336
T1787,162
T729,435
T1788,960
T1789,266
T1790,974
T1791,204
T1792,576
T1793,599
T1794,310
T847,432
T1795,753
T1796,723
T1797,615
T1798,153
T1799,487
T93,105
T1800,167
T1801,195
T1802,717
T636,770
T1803,680
T1399,750
T1804,416
T1805,214
T1806,731
T1433,110
T1807,134
T1808,291
T1809,287
T1387,681
T1810,105
T472,786
T1811,956
T1520,617
T1812,646
T1813,273
T1814,454
T1815,259
T841,152
T1816,119
T1817,861
T1818,305
T1819,950
T1820,405
T1821,198
T1822,489
T1823,189
T1824,478
T1825,766
T1826,863
T1827,725
T1828,250
T1471,76
T1829,402
T1830,749
T1831,129
T1832,231
T1833,123
T1834,778
T1835,930
T43,312
T1836,896
T1837,173
T1838,164
T1839,979
T1840,529
T1841,958
T1842,603
T1843,474
T1844,790
T1845,87
T1846,784
T1847,173
T813,873
T1848,248
T1849,38
T1850,342
T1484,125
T1851,925
T545,107
T1852,412
T1853,568
T1854,201
T1855,345
T1856,576
T1857,350
T929,253
T1858,873
T1859,616
T1860,313
T1861,520
T1862,816
T1863,905
T1864,262
T1237,126
T44,288
T1865,75
T1866,123
T668,322
T1856,426
T112,130
T1351,25
T1867,660
T1868,896
T560,207
T1869,44
T1870,387
T1871,349
T232,478
T1872,337
T1873,344
T1874,60
T1875,155
T1735,749
T1876,799
T1877,276
T1878,170
T1398,843
T1879,747
T1880,165
T1881,145
T1882,889
T388,190
T1883,610
T1884,274
T1885,61
T841,435
T1886,197
T654,908
T1887,575
T1278,836
T1888,842
T1889,383
T1890,669
T1891,765
T1892,660
T1893,623
T1894,129
T1794,695
T1895,535
T1896,377
T1897,513
T1898,447
T1899,688
T1900,973
T1901,374
T1460,925
T1902,200
T1903,200
T1861,25
T1904,672
T1905,124
T1906,124
T1907,763
T1908,94
T1909,325
T1910,786
T592,235
T1911,24
T1912,576
T1913,660
T1914,16
T1915,826
T1916,315
T1917,459
T1918,345
T1919,440
T1920,530
T1921,479
T1922,262
T1923,79
T660,432
T1924,601
T1925,214
T1926,527
T1927,703
T1787,385
T1928,160
T1929,542
T1930,287
T1931,488
T1932,442
T1933,73
T1437,736
T1934,62
T1065,59
T1935,518
T355,833
T1936,354
T1937,807
T1167,586
T1938,97
T1939,571
T1940,990
T462,877
T1941,281
T1942,714
T1943,421
T1773,888
T1944,332
T1945,282
T1946,403
T1947,526
T1948,688
T1949,793
T1950,804
T1951,400
T1952,219
T1953,775
T1954,587
T1955,246
T501,595
T1956,290
T1957,804
T1958,739
T1959,361
T798,843
T1960,20
T1961,704
T465,825
T1962,422
T1963,271
T1964,51
T1965,505
T1325,377
T1966,644
T1967,263
T1968,592
T1969,544
T1594,934
T1970,359
T281,593
T1971,190
T1972,670
T1973,307
T1974,47
T1975,831
T1976,521
T1977,178
T1978,851
T1979,425
T1064,827
T1980,502
T1981,960
T1982,871
T1983,781
T1984,528
T1985,311
T557,609
T1986,219
T661,996
T1987,232
T1988,190
T1989,573
T1990,247
T1991,533
T1992,572
T1993,585
T1994,68
T1995,212
T1996,939
T1997,21
T1998,525
T1999,783
T2000,542
T2001,905
T2002,445
T2003,533
T2004,429
T2005,254
T2006,409
T491,359
T2007,493
T2008,951
T889,811
T2009,487
T2010,774
T2011,897
T2012,190
T317,461
T2013,268
T2014,359
T2015,460
T2016,882
T2017,13
T2018,12
T462,514
T849,979
T2019,441
T2020,463
T2021,175
T2022,300
T2023,979
T2006,534
T87,220
T2024,58
T2025,552
T2026,33
T2027,461
T2028,955
T2029,312
T2030,307
T2031,87
T2032,612
T2033,898
T1067,404
T2034,851
T2035,560
T2036,162
T502,776
T2037,883
T2038,317
T2039,865
T2040,827
T612,602
T2041,28
T2042,264
T2043,490
T533,37
T2044,709
T2045,577
T2046,629
T2047,686
T2048,420
T1808,90
T2049,339
T2050,596
T2051,276
T2052,739
T2053,978
T2054,267
T2055,337
T2056,187
T2057,635
T2058,851
T2059,973
T2060,166
T1700,520
T356,118
T2061,189
T2062,999
T2063,37
T2064,810
T2065,27
T488,109
T2066,287
T330,963
T2067,666
T2068,377
T2069,65
T2070,855
T2071,153
T2072,729
T2073,237
T1228,654
T2074,320
T1809,460
T2075,203
T2076,271
T2077,313
T2078,434
T2079,458
T603,710
T2080,526
T2081,509
T1014,147
T2082,730
T2083,801
T2084,417
T2085,428
T2086,339
T1397,772
T1436,710
T2087,834
T2088,369
T1012,405
T2089,344
T2090,568
T2091,847
T2092,773
T2093,477
T1283,397
T2094,468
T2095,211
T2096,937
T555,763
T2097,612
T2098,655
T2099,142
T2100,847
T842,849
T2101,398
T2102,183
T2103,520
T2104,52
T2105,823
T1083,639
T2106,727
T2107,241
T1908,759
T2108,42
T2109,244
T1486,317
T2110,341
T2111,891
T2112,564
T2113,358
T2114,190
T2000,896
T2115,327
T2116,103
T2117,832
T772,944
T2118,179
T2119,756
T2120,72
T2121,80
T2122,108
T1265,195
T1595,338
T1088,754
T2123,452
T2124,902
T2125,308
T2126,592
T2127,999
T2128,348
T2129,147
T1627,443
T2130,507
T1701,219
T2131,603
T2132,154
T2133,838
T2134,838
T1078,325
T2135,957
T2136,866
T2137,345
T2138,434
T2139,404
T2140,930
T2141,317
T2142,622
T1083,746
T695,22
T2143,402
T2144,405
T101,916
T2145,173
T1967,105
T2146,467
T1370,647
T2147,387
T2148,632
T2149,287
T225,319
T1295,505
T2150,220
T2151,58
T2152,319
T2153,227
T2154,303
T2155,825
T2156,955
T919,349
T2157,947
T2158,850
T2159,533
T2160,148
T2161,434
T1677,770
T2162,519
T2163,557
T2124,854
T2164,800
T2165,696
T2166,543
T2167,406
T2168,363
T2169,443
T1054,464
T2170,85
T2171,826
T2172,161
T2173,323
T2174,884
T2175,272
T2176,471
T2177,854
T2178,55
T1894,725
T2179,390
T2180,688
T2181,17
T2182,539
T2183,938
T2184,466
T2185,758
T2186,535
T2187,407
T2188,634
T2189,528
T2190,947
T2191,491
T2192,402
T2193,860
T2194,437
T2195,173
T2196,758
T2197,614
T2198,235
T2199,989
T2200,959
T2201,940
T2202,851
T2203,193
T2204,944
T2205,925
T2206,260
T2207,200
T129,337
T2208,862
T2202,975
T2209,813
T2210,97
T2211,638
T2212,787
T106,300
T2213,896
T2214,624
T2215,932
T214,424
T2216,690
T2217,796
T2218,534
T2219,951
T2220,16
T2221,691
T2222,899
T2223,149
T2224,705
T2225,596
T2226,220
T654,399
T2227,421
T2228,939
T2229,163
T2230,746
T2231,144
T184,143
T2232,709
T2233,885
T2234,965
T809,167
T2235,417
T2236,328
T2237,476
T2238,316
T2239,672
T2240,685
T2241,286
T2242,754
T2243,726
T2244,903
T2245,231
T2042,447
T2246,267
T2247,773
T2248,958
T2249,914
T179,181
T2250,995
T2251,887
T2252,983
T2253,638
T2254,698
T2255,660
T2256,203
T2257,984
T1073,912
T908,895
T2258,846
T2259,328
T2260,949
T2261,249
T2262,714
T1382,497
T2263,352
T2264,78
T2265,688
T2266,744
T2267,76
T511,962
T1797,200
T2268,84
T439,997
T2269,580
T2270,283
T2271,341
T1713,810
T1760,280
T469,721
T2272,955
T2273,661
T2274,523
T2275,711
T2276,54
T2277,802
T2278,927
T477,249
T2279,33
T2280,527
T30,188
T2281,264
T1145,595
T2282,658
T1530,619
T2283,840
T2284,822
T2285,263
T2286,221
T2287,653
T2288,730
T2289,691
T2290,633
T1245,659
T2154,866
T2291,770
T2292,102
T2293,661
T2294,65
T2295,464
T2296,159
T2297,468
T2298,449
T2299,778
T2300,682
T2301,536
T871,705
T2302,635
T891,852
T2303,600
T2304,318
T311,142
T2305,398
T2306,373
T2307,392
T1606,633
T2308,473
T77,102
T2309,15
T2310,244
T2311,804
T2312,466
T2113,133
T2313,90
T2314,711
T2315,261
T2316,980
T2317,646
T2318,957
T2319,802
T2320,528
T2037,374
T306,61
T2321,81
T1678,972
T2322,263
T2323,167
T2324,89
T2325,764
T1734,437
T1452,877
T2326,190
T2314,905
T2327,211
T865,419
T864,532
T2004,170
T2328,671
T2329,670
T2330,764
T2331,620
T2332,713
T2333,527
T2334,198
T2335,716
T2336,248
T2337,229
T2338,713
T2339,629
T634,803
T2340,642
T2341,306
T2342,487
T2343,754
T2344,361
T2345,833
T2346,558
T2347,989
T2348,231
T2349,602
T2350,986
T2351,531
T1193,193
T2352,193
T2353,377
T2354,246
T2355,790
T2356,747
T2357,855
T2358,133
T2359,205
T2360,851
T2361,559
T2362,234
T2363,907
T977,172
T2364,235
T2365,213
T240,704
T1832,509
T2366,867
T2367,796
T2368,848
T2369,86
T2370,56
T2371,573
T2372,864
T2316,903
T2373,654
T2374,999
T2375,911
T1848,304
T2376,801
T2377,64
T941,120
T2378,252
T2379,384
T2380,722
T2154,406
T2381,322
T2324,114
T2382,877
T997,898
T2383,26
T2384,944
T2385,297
T2386,629
T2387,877
T2388,136
T2389,953
T2390,483
T2391,619
T2251,588
T2392,763
T2393,605
T438,533
T2394,178
T2395,174
T2396,339
T2397,832
T2398,121
T2399,13
T2400,175
T2401,684
T2402,115
T2286,967
T2403,512
T2404,106
T873,154
T2405,330
T2406,510
T2407,869
T2408,744
T2409,911
T2117,383
T2410,874
T2411,689
T2412,641
T535,551
T2413,802
T507,10
T2414,46
T2415,152
T2416,925
T2417,607
T2418,785
T1019,179
T2419,251
T2420,818
T2421,563
T2422,889
T2423,124
T2424,775
T2425,231
T1631,482
T2426,283
T2427,302
T2428,865
T2429,743
T2430,774
T2431,501
T2432,970
T1283,147
T1990,205
T2433,886
T2434,39
T2435,493
T2436,930
T2437,652
T1890,702
T159,55
T2438,216
T983,593
T2439,433
T2440,624
T2441,801
T2442,161
T2443,642
T2444,453
T2445,63
T2446,723
T2447,820
T2448,977
T2449,146
T2450,259
T2451,38
T2452,770
T2453,232
T2454,36
T2455,80
T2083,298
T2456,115
T2457,844
T2458,93
T2459,221
T2460,944
T2461,872
T1405,755
T2462,657
T2463,571
T2464,19
T2465,406
T2466,526
T2467,453
T2468,622
T2469,663
T2470,839
T718,328
T2471,899
T2472,967
T2473,41
T1541,683
T70,907
T2474,678
T2475,577
T2476,654
T2477,890
T1967,537
T2478,549
T2479,22
T2480,372
T2481,794
T2482,90
T2483,568
T554,830
T2484,99
T2485,451
T2486,431
T1697,464
T2487,743
T2488,193
T2489,386
T2490,182
T2491,611
T2492,495
T2493,125
T2494,666
T2495,838
T2496,162
T2497,642
T2498,327
T2499,215
T2500,814
T2501,75
T1320,948
T2502,867
T2382,780
T2503,245
T2504,259
T2505,743
T2506,991
T2507,331
T2508,633
T2509,23
T2510,238
T2511,956
T2512,284
T2513,293
T2514,359
T2515,835
T2516,925
T2517,984
T2518,905
T2519,223
T2520,371
T2521,177
T2522,147
T2523,660
T2524,359
T2525,983
T2526,281
T2527,409
T2528,26
T2529,423
T2530,621
T2531,262
T1453,111
T2532,975
T2533,134
T2458,603
T2534,289
T2535,801
T2536,684
T2537,165
T2538,287
T2539,467
T511,919
T2540,760
T2541,652
T1741,350
T1922,972
T2542,443
T2543,203
T2544,939
T2545,230
T2546,758
T2547,550
T2548,744
T2549,387
T2465,293
T2550,401
T2551,71
T2462,393
T2552,216
T2553,433
T2554,776
T2555,826
T2556,90
T2557,345
T2558,981
T2275,99
T2559,61
T2560,809
T2561,195
T968,632
T2562,163
T2563,351
T2564,87
T2565,396
T2566,660
T2567,455
T2568,139
T2569,245
T2570,463
T2571,74
T2572,613
T2573,829
T2574,247
T2575,447
T2576,923
T2389,92
T455,949
T2577,587
T2578,489
T2579,557
T2580,812
T691,23
T2548,495
T2581,630
T2582,982
T2583,407
T2584,901
T2585,560
T2586,398
T2587,610
T2588,814
T2589,759
T2590,573
T2591,855
T2592,869
T2593,227
T2594,725
T2595,389
T2596,383
T2597,560
T1976,983
T884,408
T2598,527
T2599,769
T2600,199
T2601,724
T2602,468
T2603,893
T2604,129
T926,119
T2605,56
T2606,403
T2607,798
T2608,688
T237,913
T2609,739
T2610,809
T2611,820
T2612,491
T581,305
T2613,888
T2614,795
T2615,108
T1573,959
T2616,886
T2617,311
T2618,513
T2619,136
T2620,587
T392,312
T2621,314
T2622,611
T2623,955
T2624,400
T2625,597
T2626,574
T2055,452
T2627,376
T2628,656
T2629,66
T249,515
T2630,110
T2631,421
T2632,74
T2633,275
T2634,699
T2635,336
T2636,733
T2637,882
T352,67
T126,859
T2638,173
T2639,331
T2640,736
T2641,529
T2642,822
T2643,879
T2644,615
T2645,82
T2646,434
T2647,820
T2648,283
T2649,906
T2650,527
T2651,591
T2652,893
T2653,979
T1768,39
T2654,553
T2655,530
T2656,150
T2657,364
T2658,146
T2659,332
T2660,731
T2661,818
T273,571
T2662,825
T2663,441
T2664,161
T2665,116
T2666,862
T2667,404
T2668,599
T2669,566
T2670,584
T2671,462
T2672,292
T2673,45
T2667,602
T2674,88
T201,158
T2675,926
T2676,916
T2061,702
T2677,822
T2678,403
T2679,830
T2680,267
T1925,570
T2681,292
T2161,13
T2682,365
T393,250
T2388,612
T2683,139
T2684,590
T1302,648
T2685,36
T2686,829
T2687,25
T2688,943
T2689,914
T2690,910
T2691,881
T2692,871
T2693,10
T2694,740
T2695,697
T2696,493
T2686,688
T2697,243
T2698,88
T2297,990
T2699,610
T237,851
T2700,102
T2701,407
T2702,975
T2703,936
T2704,568
T2705,508
T2706,172
T2707,510
T2708,629
T2709,203
T2710,982
T2711,944
T1274,375
T1355,504
T2712,179
T2713,594
T2714,67
T2715,478
T2716,192
T2717,634
T2718,228
T2719,695
T2720,31
T2721,799
T2722,142
T2723,274
T2724,173
T2725,350
T2726,503
T889,605
T2727,624
T14,675
T2728,486
T2729,698
T2387,214
T2730,438
T1768,738
T2731,575
T2732,904
T1381,539
T2733,951
T2734,263
T2735,290
T2736,938
T2737,912
T2738,403
T1603,595
T2739,632
T2740,86
T2741,657
T1519,37
T2742,238
T29,32
T498,189
T1194,946
T2457,928
T2743,177
T2539,238
T2744,199
T1114,532
T2745,986
T2746,409
T2747,500
T2748,897
T2749,764
T2631,224
T374,447
T2750,300
T2751,849
T2752,278
T2692,352
T2753,708
T2754,963
T2755,488
T2756,286
T2757,998
T2758,983
T2759,180
T2760,837
T1556,744
T2761,913
T2762,679
T2763,726
T2764,368
T2765,656
T512,600
T2766,161
T2767,670
T2768,299
T2769,694
T2414,514
T2770,262
T2771,510
T2772,160
T2773,47
T2774,693
T2775,653
T730,879
T2776,927
T2777,488
T2778,176
T666,424
T2779,990
T2780,539
T2781,386
T2782,909
T2783,428
T2784,731
T2785,405
T2786,503
T2787,75
T2788,779
T2789,894
T2790,712
T2791,299
T1235,399
T2792,773
T2793,401
T2794,145
T2795,816
T2796,515
T2797,711
T2798,463
T2799,827
T2800,535
T2801,31
T2802,932
T2803,590
T2804,709
T2805,854
T2806,417
T2807,462
T2808,406
T2809,775
T2810,440
T2811,627
T2812,835
T2813,24
T2814,613
T2815,848
T2816,934
T2817,907
T2818,93
T2819,657
T2820,925
T2821,911
T2822,519
T2823,695
T2824,704
T2825,114
T2826,217
T2827,394
T2828,936
T2829,298
T2830,164
T2221,349
T2831,937
T2832,88
T2833,231
T1127,870
T2834,917
T2835,262
T2836,400
T2837,552
T2838,848
T2839,325
T2840,443
T2054,952
T2841,477
T2842,399
T1526,331
T2843,832
T2844,204
T2263,550
T2845,252
T2846,604
T2847,739
T1174,60
T2848,219
T458,517
T2849,757
T278,553
T2850,529
T2851,103
T2852,598
T2853,406
T799,528
T2854,512
T2855,689
T2856,219
T855,290
T1305,906
T1070,519
T2857,353
T2858,467
T2859,356
T2860,115
T2861,145
T904,350
T2862,281
T2327,730
T1807,317
T2863,37
T2548,510
T2864,625
T1685,792
T2556,785
T2865,930
T2866,578
T2867,186
T2868,345
T2869,469
T2870,703
T2871,211
T1781,311
T2872,65
T437,404
T744,467
T2873,647
T2874,647
T2641,853
T2875,297
T2876,537
T2877,108
T2878,748
T3,830
T2879,931
T2880,822
T2881,939
T2882,750
T2883,875
T2884,928
T2885,700
T2886,832
T282,322
T2887,556
T912,157
T1626,962
T2888,343
T1972,780
T2889,840
T2890,531
T2891,822
T2892,258
T2893,788
T2894,630
T2895,201
T2896,444
T2897,195
T2898,387
T2899,19
T2900,666
T2901,983
T1842,438
T2902,448
T2903,725
T2904,175
T2905,497
T2906,322
T2907,706
T2908,995
T2909,80
T2910,512
T2882,392
T2911,235
T2393,266
T1155,56
T1831,403
T2912,275
T2913,853
T2914,221
T2915,825
T2916,465
T2917,179
T2918,991
T2919,584
T2920,427
T2921,821
T2922,340
T2923,156
T2924,116
T2925,621
T2926,149
T2927,686
T2928,720
T2929,459
T601,273
T2930,475
T2931,565
T2932,355
T1025,271
T945,915
T2933,652
T2934,171
T980,125
T2935,164
T2936,467
T2937,742
T2938,775
T2939,409
T2940,515
T2941,479
T2942,353
T2943,863
T2944,425
T2945,561
T2946,61
T2947,950
T2948,340
T2450,487
T1516,575
T2949,314
T2950,384
T2951,133
T2952,591
T2953,477
T2954,321
T2955,447
T2956,718
T2957,851
T2958,802
T2959,978
T2960,848
T2961,43
T1359,668
T2962,527
T2963,424
T2792,170
T2964,786
T2965,262
T1556,432
T518,857
T2966,279
T2967,187
T2968,419
T2969,47
T592,131
T2970,51
T2971,837
T2972,140
T2973,15
T2974,483
T2975,174
T2434,122
T2976,520
T2977,434
T1697,725
T2978,994
T2979,491
T2980,70
T2981,431
T2982,738
T2738,918
T2983,354
T2984,821
T2985,68
T2986,780
T2987,332
T2988,869
T2989,100
T2990,437
T2991,967
T727,609
T2992,544
T2993,435
T2994,550
T2995,934
T2996,699
T2997,51
T2998,473
T2999,883
T3000,907
T3001,610
T3002,360
T3003,824
T3004,479
T3005,725
T3006,840
T3007,704
T3008,659
T3009,757
T1925,12
T3010,130
T3011,691
T949,539
T3012,682
T3013,234
T3014,525
T3015,542
T3016,820
T3017,894
T3018,243
T3019,124
T3020,961
T3021,751
T3022,847
T3023,344
T3024,475
T1356,624
T3025,944
T3026,52
T3027,845
T3028,871
T3029,619
T237,787
T3030,197
T3031,900
T3032,149
T3033,85
T3034,190
T3035,28
T3036,634
T139,119
T3037,586
T3038,902
T3039,953
T1399,453
T3040,87
T3041,929
T3042,951
T3043,510
T3044,140
T1927,332
T2343,285
T2704,634
T3045,591
T3046,190
T3047,780
T3048,143
T2248,252
T3049,748
T3050,525
T1924,654
T3051,607
T3052,140
T1912,251
T3053,407
T3054,156
T3055,483
T3056,451
T3057,552
T3058,360
T3059,488
T2488,250
T3060,959
T3061,168
T3062,476
T3063,780
T3064,252
T3065,252
T3066,766
T1880,866
T344,733
T3067,45
T3068,583
T3069,262
T3070,177
T3071,434
T3072,364
T3073,890
T3074,739
T3075,397
T3076,567
T3077,913
T3078,922
T2012,142
T3079,101
T3080,702
T3081,362
T3082,299
T3083,126
T3084,853
T3085,77
T3086,400
T3087,496
T3088,809
T807,133
T2709,365
T200,443
T2650,257
T3089,822
T3090,155
T3091,190
T3092,493
T3093,398
T3094,331
T3095,288
T787,240
T3096,856
T3097,22
T3098,577
T3099,809
T2544,288
T3100,572
T3101,948
T2504,862
T3102,37
T3103,86
T3104,243
T3105,685
T2383,952
T2704,141
T213,564
T3106,424
T3107,51
T3108,487
T3109,24
T3110,897
T3111,712
T3112,237
T3113,17
T3114,760
T3115,676
T3116,495
T3117,38
T3118,619
T3119,461
T752,884
T3120,651
T3121,487
T3122,387
T255,766
T3123,516
T3124,966
T3125,142
T3126,294
T3127,358
T1876,551
T3128,909
T3129,669
T3130,774
T3131,364
T3132,953
T1343,502
T3133,848
T3024,751
T3134,421
T3135,1000
T3136,232
T3137,220
T3138,934
T3139,170
T3140,299
T3141,55
T3142,656
T3143,224
T3144,200
T3145,761
T3146,320
T3147,719
T1318,957
T2207,970
T3148,363
T1952,720
T3149,137
T3150,765
T3151,539
T3152,34
T3153,318
T3154,419
T58,778
T3155,250
T2197,568
T2488,474
T3156,621
T3157,963
T3158,411
T3159,732
T3160,782
T3161,460
T3162,639
T3163,984
T3164,627
T500,730
T3165,579
T3166,154
T3167,44
T3168,736
T3169,186
T362,805
T3170,779
T3171,233
T721,59
T3014,681
T3172,86
T3173,58
T817,916
T1945,176
T3174,714
T3175,339
T3176,30
T3177,85
T3178,933
T292,530
T3179,892
T9,504
T3180,475
T303,440
T3181,813
T3182,536
T3183,481
T3184,922
T1933,363
T3185,349
T3186,534
T3187,29
T3188,749
T2147,556
T2940,310
T91,189
T3189,64
T3190,185
T3191,223
T1251,156
T3192,504
T3193,575
T3194,743
T3195,652
T3196,581
T3197,655
T3198,963
T3199,585
T3200,43
T3201,854
T3202,653
T1694,795
T3203,557
T3204,797
T3105,913
T3205,458
T3206,650
T3207,614
T421,259
T3208,783
T3209,896
T3210,806
T3211,674
T2624,529
T1640,807
T34,476
T3212,844
T3213,755
T1073,827
T3214,881
T3215,89
T3216,587
T3217,42
T2811,476
T3218,841
T3219,774
T3220,179
T1069,618
T3221,488
T3222,927
T3223,713
T876,784
T2775,349
T3224,504
T3225,193
T906,252
T3226,541
T3227,90
T3228,147
T3229,22
T3230,919
T3231,518
T3232,931
T3233,504
T3234,130
T3235,531
T3236,897
T1738,792
T570,350
T3237,739
T3238,508
T3239,684
T3240,447
T3241,617
T3242,111
T3243,61
T2420,371
T3244,539
T3245,977
T3246,620
T3247,627
T3248,905
T3249,185
T3250,985
T1549,156
T3251,358
T3252,525
T1725,496
T3253,57
T3254,623
T2763,733
T3255,844
T3256,657
T1407,209
T3257,762
T3258,338
T3259,377
T3260,41
T3261,77
T3262,504
T3263,582
T1348,278
T3264,292
T3265,657
T3266,71
T3267,708
T3268,237
T3269,163
T3270,631
T3271,570
T3272,738
T2211,502
T890,412
T575,970
T3273,511
T3274,323
T3275,324
T3276,441
T3277,848
T3278,958
T3279,933
T3280,602
T3281,519
T3282,661
T3283,779
T3284,550
T3285,940
T3286,542
T3287,792
T3288,143
T3014,62
T566,844
T2641,510
T3289,504
T3290,823
T3291,703
T1531,663
T3292,671
T3293,206
T3294,643
T3295,510
T3296,562
T3297,259
T3298,581
T3299,477
T3300,663
T3301,18
T3302,194
T3303,548
T3304,225
T1201,811
T2778,373
T3305,815
T3306,577
T2743,883
T3307,289
T3093,839
T3308,775
T3309,147
T3310,124
T264,372
T3311,576
T3312,314
T3313,312
T3314,302
T3315,380
T3316,392
T3317,224
T1531,951
T3318,707
T3319,852
T874,49
T3320,417
T3321,493
T3322,604
T3323,411
T3324,345
T383,585
T3325,813
T3326,988
T581,700
T3327,274
T3328,92
T3329,544
T3330,915
T3331,52
T3332,582
T3333,466
T3334,735
T3335,147
T1928,334
T3336,333
T867,439
T3337,398
T3338,46
T1238,416
T3241,908
T3339,590
T101,211
T3162,869
T3340,242
T3341,727
T3342,172
T3343,406
T3344,416
T3345,980
T3346,124
T1188,854
T3347,494
T3348,465
T3349,109
T3350,543
T3351,271
T43,243
T3352,218
T3353,867
T3354,750
T1055,190
T3355,109
T3356,636
T3357,73
T3358,454
T686,584
T3359,685
T3360,627
T3361,239
T3362,345
T3363,163
T1492,947
T3364,152
T1345,12
T1812,345
T2843,17
T498,62
T3365,855
T3366,92
T3367,115
T2783,162
T3368,459
T3369,716
T3370,579
T138,928
T3371,170
T3372,565
T3373,997
T3374,571
T3375,749
T1393,930
T3376,571
T659,321
T3377,961
T3378,702
T3379,927
T3380,234
T3381,677
T3382,138
T3383,44
T3384,128
T3385,739
T1179,912
T3386,633
T3387,103
T3388,698
T3389,502
T3390,712
T3391,988
T311,380
T3392,647
T3393,392
T3394,88
T2871,605
T2090,62
T3395,886
T3396,637
T3397,827
T3398,501
T3399,764
T3400,57
T3401,754
T3402,797
T3403,857
T3404,940
T3405,322
T1335,613
T3406,757
T2845,672
T3407,567
T2980,549
T3408,77
T3409,225
T3410,539
T3411,731
T3412,751
T3413,414
T3414,641
T3415,438
T3416,676
T3417,695
T3418,310
T2845,201
T3419,736
T3420,369
T3072,694
T3421,645
T3422,274
T3423,537
T3424,451
T3425,643
T105,996
T3426,927
T3427,261
T3428,820
T1159,202
T3429,749
T3430,774
T3431,608
T3432,652
T3433,969
T3434,685
T929,968
T983,991
T3435,30
T3436,943
T3437,822
T3438,324
T3346,73
T3439,390
T3440,478
T3441,56
T3442,889
T3443,996
T2979,716
T3444,834
T3445,817
T1492,494
T3446,213
T3447,439
T3448,358
T3449,13
T1498,33
T1733,106
T3450,568
T2813,890
T3451,276
T3452,559
T3453,477
T3454,562
T3086,31
T3455,614
T3456,129
T3457,404
T3458,789
T3459,112
T496,432
T3460,894
T3461,376
T1693,238
T3462,901
T3463,191
T3464,805
T1032,351
T3465,27
T3113,887
T3466,562
T3467,742
T3468,528
T3469,645
T3470,292
T3471,58
T3472,638
T3473,983
T3474,965
T3475,52
T3476,623
T3477,208
T1689,698
T3478,88
T3479,616
T3480,203
T1988,642
T3481,350
T3482,511
T3483,846
T3484,292
T3485,354
T3486,838
T3487,380
T3488,65
T3489,263
T3490,454
T1447,958
T3491,264
T3492,170
T3493,764
T3494,436
T3495,198
T2673,600
T3496,827
T3497,742
T3498,416
T3499,755
T3500,520
T3501,227
T3502,900
T3503,782
T3504,739
T3505,63
T3506,471
T3507,825
T3508,745
T3509,181
T1069,56
T3510,723
T3511,224
T3512,740
T3513,977
T3514,826
T3515,970
T3516,639
T3517,633
T3518,393
T3519,70
T513,397
T3520,697
T3521,588
T3522,674
T959,851
T3523,413
T3524,594
T3525,533
T3526,214
T3527,530
T3528,378
T3529,729
T3530,657
T3531,498
T378,482
T3532,731
T3533,311
T3534,564
T3535,508
T3536,395
T3343,879
T3537,710
T3538,559
T3539,920
T3540,85
T3541,418
T3542,652
T3543,311
T3544,639
T3545,84
T3546,637
T3547,193
T3548,82
T3549,552
T3550,231
T1889,483
T3551,814
T800,265
T3552,660
T204,223
T3553,999
T3554,158
T3555,967
T1670,599
T1966,337
T3556,440
T3557,58
T3558,67
T3559,790
T1919,434
T3560,116
T3561,298
T3562,754
T3563,201
T3564,755
T3565,296
T3566,231
T3567,703
T3568,506
T3569,690
T1812,447
T3570,873
T3571,773
T3572,538
T3573,422
T633,645
T3326,160
T3574,178
T3575,837
T24,184
T3576,897
T3577,606
T3578,120
T3579,585
T3580,550
T679,342
T3581,963
T593,252
T3582,891
T3372,433
T3583,799
T3584,458
T3585,985
T3586,793
T3587,572
T3588,218
T3589,671
T3590,617
T3591,256
T3592,843
T3593,961
T1605,496
T3594,947
T1557,808
T2213,960
T3595,821
T3596,42
T1414,949
T2997,762
T1751,830
T3597,229
T3598,584
T3599,176
T3600,383
T3601,563
T3602,736
T2875,522
T3603,850
T659,508
T1783,479
T3604,461
T3605,155
T3606,801
T3607,301
T1040,76
T3608,803
T959,345
T3609,975
T3610,10
T3611,103
T3612,985
T3613,807
T3614,479
T2485,681
T3615,422
T3616,772
T3617,598
T3618,417
T3619,83
T3620,747
T3621,642
T3622,251
T3623,576
T3624,644
T655,861
T3625,623
T1649,276
T3626,77
T2063,661
T1639,614
T2046,69
T3627,306
T3628,511
T3629,376
T3630,14
T3631,31
T3632,204
T339,189
T3633,731
T3634,475
T3635,766
T3636,65
T3637,50
T2905,49
T3638,819
T3639,373
T3640,267
T3641,288
T3642,458
T3643,479
T64,633
T3644,599
T2691,449
T3530,925
T3645,447
T2767,663
T3646,71
T3647,520
T645,372
T1371,794
T3648,397
T3649,812
T3650,241
T110,476
T3651,916
T898,928
T3652,604
T3653,925
T3654,175
T3655,116
T3656,303
T868,39
T2024,159
T3657,776
T3658,314
T3659,401
T3173,30
T3660,135
T1268,624
T3661,358
T3662,144
T3663,892
T3664,466
T3665,305
T3666,913
T3667,713
T2682,936
T3668,986
T3669,344
T1160,302
T3670,180
T3671,606
T2324,229
T3672,774
T3673,156
T3674,406
T3675,27
T3676,225
T3677,497
T3678,212
T3679,457
T3680,862
T3681,899
T3682,394
T3683,742
T3684,127
T3685,491
T3686,475
T3687,377
T3688,608
T3689,101
T3690,115
T3691,438
T2752,891
T3692,100
T3693,629
T3694,434
T3695,150
T3696,523
T3484,78
T3697,391
T3698,997
T3699,502
T3700,244
T3701,862
T1609,54
T3702,850
T3549,15
T3703,558
T2344,896
T1653,785
T3704,817
T3495,105
T3705,929
T3706,905
T1623,562
T1776,820
T3707,313
T3126,919
T3708,761
T3709,530
T3710,747
T3711,255
T3712,573
T3713,987
T66,507
T3714,381
T576,90
T3715,801
T3716,272
T3717,552
T3718,455
T3719,182
T3720,819
T3721,973
T3722,450
T3578,742
T3723,752
T3724,716
T3725,357
T3726,136
T3727,516
T3728,911
T3729,361
T3730,285
T2810,552
T3444,728
T3731,163
T3732,963
T3733,822
T3734,483
T3735,755
T3525,393
T3081,536
T3736,528
T3737,423
T3738,918
T3739,954
T797,951
T3740,432
T3741,82
T3742,795
T3743,468
T3744,750
T3745,826
T1283,666
T3746,347
T3747,800
T3748,626
T3749,651
T3750,592
T3751,165
T2929,251
T3752,95
T1716,270
T3753,242
T3754,321
T3755,246
T3756,820
T3757,193
T3758,630
T2185,816
T3759,760
T3760,916
T1483,183
T3761,920
T3762,939
T3763,98
T3764,122
T3765,674
T3766,192
T3767,237
T3768,151
T3769,303
T3770,119
T3771,534
T3772,219
T3773,653
T3774,767
T3775,326
T3776,164
T3777,951
T3778,980
T3742,103
T3779,261
T3780,807
T3781,432
T3782,862
T3783,366
T3784,242
T3785,223
T3786,817
T3787,419
T3788,864
T3789,75
T3790,959
T1578,491
T3791,337
T3792,102
T3793,871
T3794,775
T3795,409
T3796,686
T3797,803
T3798,659
T3799,829
T3800,44
T3801,737
T3802,57
T1956,932
T3803,464
T558,947
T3804,119
T450,863
T3805,839
T3806,901
T751,415
T905,557
T3807,536
T3808,709
T3809,610
T3810,768
T3811,739
T3812,144
T3813,133
T3814,710
T3815,292
T3816,650
T3817,780
T3818,232
T3819,765
T3820,853
T3821,765
T3822,989
T3823,706
T1851,286
T3824,207
T208,28
T454,89
T3825,570
T3826,675
T3827,95
T3828,948
T3829,733
T3830,902
T1825,756
T3831,216
T3832,143
T3833,175
T3834,967
T957,552
T3835,62
T3836,510
T3837,36
T3838,361
T3839,200
T3840,895
T1888,964
T2792,598
T3841,184
T3842,497
T908,758
T3843,273
T3844,884
T3845,934
T3846,369
T3847,760
T3848,768
T3849,855
T3850,513
T3851,841
T3852,64
T3853,316
T2740,105
T3854,531
T3855,66
T3856,745
T2735,226
T3857,460
T3858,885
T2150,420
T3859,234
T3860,567
T3861,71
T3227,604
T1726,128
T3862,469
T3107,379
T3863,801
T3864,670
T3865,275
T3200,338
T3866,523
T3867,613
T3868,139
T3869,452
T2238,513
T3870,804
T3349,292
T3871,165
T3872,346
T1564,643
T3190,196
T3873,366
T3874,239
T3875,222
T3876,143
T3877,57
T3878,314
T3879,45
T3880,594
T3881,800
T3882,722
T3883,102
T3793,111
T3884,109
T3088,708
T3885,308
T3886,55
T373,340
T1780,130
T2498,789
T3887,109
T3888,626
T3889,712
T3890,737
T3891,705
T3892,769
T2650,762
T3893,965
T3894,471
T3895,341
T3896,309
T3897,439
T3898,818
T3899,532
T3900,30
T3901,956
T3902,180
T3903,924
T3904,967
T3905,89
T3906,258
T1458,455
T3907,977
T3908,371
T3010,862
T3909,865
T3910,524
T3911,176
T3912,534
T1285,166
T3913,660
T3914,839
T3837,892
T125,693
T3915,553
T3916,435
T3917,275
T3918,284
T587,746
T3919,694
T3920,772
T3921,106
T3922,588
T3923,599
T3924,594
T3925,368
T3926,90
T3927,616
T3928,845
T3288,647
T3929,396
T3930,311
T3931,640
T3932,742
T3933,998
T3490,108
T3934,489
T1535,692
T3935,16
T3936,268
T3937,608
T3938,54
T3939,672
T3940,44
T3941,613
T3942,35
T3943,713
T3944,859
T3945,596
T3946,721
T3947,629
T3948,752
T3949,231
T1104,656
T3950,248
T3951,858
T3952,221
T3953,759
T3954,598
T3955,462
T3956,560
T3957,572
T3958,192
T3959,98
T3960,282
T3961,349
T3962,345
T3963,353
T3964,803
T3965,567
T441,140
T3966,996
T3967,589
T3968,138
T6,445
T3969,299
T3970,683
T3971,920
T3972,980
T3973,926
T3974,886
T3975,607
T3976,166
T3977,949
T3978,820
T3979,927
T3980,818
T3567,979
T3981,209
T3982,833
T744,254
T3983,623
T3984,394
T3985,77
T2913,794
T3986,414
T3987,303
T3988,172
T3989,666
T3990,883
T3991,41
T3992,376
T3993,653
T1983,288
T3994,979
T3995,567
T3996,571
T3997,877
T3998,372
T3999,22
T4000,577
T1195,805
T4001,437
T4002,664
T3120,755
T4003,240
T4004,217
T4005,42
T1760,957
T2697,459
T4006,971
T4007,862
T4008,450
T4009,174
T4010,937
T4011,486
T4012,393
T3809,774
T4013,664
T4014,583
T4015,405
T722,102
T4016,142
T4017,975
T1584,388
T4018,704
T4009,697
T4019,945
T4020,586
T4021,648
T110,208
T4022,123
T4023,369
T1460,282
T4024,862
T4025,1000
T4026,521
T4027,675
T4028,113
T4029,682
T3391,598
T4030,710
T4031,113
T4032,920
T4033,775
T4034,555
T4035,276
T4036,245
T4037,897
T4038,196
T4039,957
T4040,959
T4041,19
T1224,235
T4042,51
T4043,199
T4044,663
T4045,13
T4046,117
T2987,65
T4047,402
T4048,341
T4049,238
T141,368
T2116,374
T4050,339
T4051,758
T4052,497
T4053,327
T4054,550
T4055,224
T4056,630
T4057,531
T4058,368
T2809,221
T2986,571
T4059,323
T4060,611
T4061,554
T4062,167
T4063,911
T4064,656
T4065,947
T4066,901
T4067,24
T4068,109
T4069,124
T4070,862
T4071,682
T4072,24
T2038,894
T4073,199
T4074,691
T4075,968
T4076,13
T4077,909
T4078,147
T4079,906
T2532,144
T1032,355
T2857,389
T4080,159
T4081,181
T4082,130
T4083,608
T4084,174
T192,929
T4085,787
T4009,378
T4086,807
T2139,582
T4087,41
T1907,48
T4088,63
T3667,674
T4089,453
T4090,238
T4091,431
T4092,731
T4093,475
T69,644
T473,768
T4094,757
T734,863
T4095,830
T4096,334
T4097,17
T4098,311
T4099,316
T4100,658
T2309,640
T4101,785
T4102,828
T4103,121
T4104,389
T4105,854
T3488,207
T3275,700
T2640,477
T4106,313
T4107,897
T4108,163
T4109,938
T4110,78
T3313,396
T4111,483
T4112,880
T4113,916
T4114,280
T2234,125
T182,888
T4115,383
T4116,793
T3988,847
T4117,675
T4118,503
T4119,20
T4120,641
T2586,416
T4047,175
T2416,759
T4121,903
T4122,348
